,Classifier,Unnamed: 0,NumFeatures,Fold,Accuracy,Precision,Recall,AUROC
0,DummyClassifier,4.5,115.0,1.5,0.7486086822747866,0.00064604767397795,0.3125,0.416379860160293
1,RandomForestClassifier,5.5,115.0,1.5,0.9996080521699298,0.25,0.0625,0.9572868101009345
2,XGBClassifier,6.5,115.0,1.5,0.9996080521699298,0.375,0.375,0.9993198263766466
