,Classifier,Unnamed: 0,NumFeatures,Fold,Accuracy,Precision,Recall,AUROC
0,DummyClassifier,4.5,115.0,1.5,0.7459436631209753,0.0012240892239528752,0.1340277777777778,0.5214279755964104
1,RandomForestClassifier,5.5,115.0,1.5,0.9974914994824491,0.0,0.0,0.9750997178596217
2,XGBClassifier,6.5,115.0,1.5,0.9967860228784093,0.20535714285714285,0.18680555555555556,0.9841939498881747
