,Classifier,Unnamed: 0,Unnamed: 0.1,NumFeatures,Fold,Accuracy,Precision,Recall,AUROC
0,DummyClassifier,0,4.5,115.0,1.5,0.7235749407003503,0.022863078756240822,0.28420384627739304,0.5026744672293911
1,RandomForestClassifier,1,5.5,115.0,1.5,0.9798822067628633,0.36798959952533067,0.07127863204800809,0.9089054585994069
2,XGBClassifier,2,6.5,115.0,1.5,0.9833032587107748,0.5417637147239369,0.2881559366711847,0.9412554097164472
