,Classifier,Unnamed: 0,NumFeatures,Fold,Accuracy,Precision,Recall,AUROC
0,DummyClassifier,4.5,115.0,1.5,0.7538611125036985,0.002796385187205125,0.2743055555555556,0.574338923176491
1,RandomForestClassifier,5.5,115.0,1.5,0.9978834227374469,0.5,0.09375,0.933759219160573
2,XGBClassifier,6.5,115.0,1.5,0.9975698693884052,0.4714285714285714,0.2465277777777778,0.9765704847078037
