,Classifier,Unnamed: 0,NumFeatures,Fold,Accuracy,Precision,Recall,AUROC
0,DummyClassifier,4.5,115.0,1.5,0.6848001948311742,0.056755579501782255,0.2869472183443834,0.5085037636293598
1,RandomForestClassifier,5.5,115.0,1.5,0.9544566156586464,0.7640550595238095,0.30115325768948786,0.9142455606031247
2,XGBClassifier,6.5,115.0,1.5,0.9605704759011925,0.7366230040672095,0.4857257580059764,0.9362138579216442
