,Classifier,Unnamed: 0,NumFeatures,Fold,Accuracy,Precision,Recall,AUROC
0,DummyClassifier,4.5,115.0,1.5,0.6766481518071034,0.06050428957505205,0.2759774634353433,0.49527817510569905
1,RandomForestClassifier,5.5,115.0,1.5,0.9379160928387256,0.8184523809523809,0.017746615171364624,0.85534931670093
2,XGBClassifier,6.5,115.0,1.5,0.9484985613752603,0.7030276607351456,0.320225071235749,0.8928720284934364
