,Classifier,Unnamed: 0,NumFeatures,Fold,Accuracy,Precision,Recall,AUROC
0,DummyClassifier,4.5,115.0,1.5,0.7532334160038769,0.000933152277491875,0.4583333333333333,0.6041478555151384
1,RandomForestClassifier,5.5,115.0,1.5,0.9994512632078727,0.0,0.0,0.8825068151929272
2,XGBClassifier,6.5,115.0,1.5,0.9991376852837586,0.0625,0.08333333333333333,0.9971631584424825
