,Classifier,Unnamed: 0,NumFeatures,Fold,Accuracy,Precision,Recall,AUROC
0,DummyClassifier,4.5,115.0,1.5,0.7108258600538095,0.03566582279108667,0.3014823806820155,0.49684296608324807
1,RandomForestClassifier,5.5,115.0,1.5,0.980324582641545,0.8901802862117717,0.44330886798933056,0.90454863855608
2,XGBClassifier,6.5,115.0,1.5,0.9822841989165342,0.8706804607064355,0.5255805866731004,0.9250980871085016
