,Classifier,Unnamed: 0,NumFeatures,Fold,Accuracy,Precision,Recall,AUROC
0,DummyClassifier,4.5,115.0,1.5,0.7447679916562714,0.0038356268896889,0.2787878787878788,0.4599613043159344
1,RandomForestClassifier,5.5,115.0,1.5,0.9964726169798023,0.0,0.0,0.8839858304018243
2,XGBClassifier,6.5,115.0,1.5,0.9964726169798023,0.375,0.04772727272727273,0.8785677355941414
