,Classifier,Unnamed: 0,NumFeatures,Fold,Accuracy,Precision,Recall,AUROC
0,DummyClassifier,4.5,115.0,1.5,0.743826446906539,0.0027637887219939747,0.20180375180375176,0.5224747608476159
1,RandomForestClassifier,5.5,115.0,1.5,0.9966292830664972,0.25,0.01785714285714285,0.9834768653882608
2,XGBClassifier,6.5,115.0,1.5,0.9965510114608307,0.503968253968254,0.3341630591630591,0.989153126869574
