,Classifier,Unnamed: 0,NumFeatures,Fold,Accuracy,Precision,Recall,AUROC
0,DummyClassifier,4.5,115.0,1.5,0.7330105643321331,0.013806067829896351,0.27266820995866814,0.5123761452044995
1,RandomForestClassifier,5.5,115.0,1.5,0.9863602695787145,0.25,0.00657894736842105,0.8287079967179694
2,XGBClassifier,6.5,115.0,1.5,0.9885552413222962,0.8495192307692307,0.19816334947581288,0.8735799128104975
