,Classifier,Unnamed: 0,NumFeatures,Fold,Accuracy,Precision,Recall,AUROC
0,DummyClassifier,4.5,115.0,1.5,0.7388104534494063,0.00340062329918165,0.18756987444100445,0.46580633982931713
1,RandomForestClassifier,5.5,115.0,1.5,0.9952184035836353,0.0,0.0,0.8970053440520507
2,XGBClassifier,6.5,115.0,1.5,0.9952967980646639,0.375,0.0600328947368421,0.9159780130094468
