,Classifier,Unnamed: 0,NumFeatures,Fold,Accuracy,Precision,Recall,AUROC
0,DummyClassifier,4.5,115.0,1.5,0.6730422022803701,0.06824084161578785,0.3295296974511197,0.5052591796644073
1,RandomForestClassifier,5.5,115.0,1.5,0.9382301376892157,0.65,0.013942600257349998,0.8468263130934914
2,XGBClassifier,6.5,115.0,1.5,0.9512425402367661,0.7497445542812766,0.32795319620385466,0.9039917443079347
