,Classifier,Unnamed: 0,NumFeatures,Fold,Accuracy,Precision,Recall,AUROC
0,DummyClassifier,4.5,115.0,1.5,0.7492355432221459,0.001584724799010475,0.34375,0.45365308927689124
1,RandomForestClassifier,5.5,115.0,1.5,0.9988242793851513,0.0,0.0,0.988408901476276
2,XGBClassifier,6.5,115.0,1.5,0.9989026738661798,0.5416666666666666,0.44791666666666663,0.994402028823711
