,Classifier,Unnamed: 0,NumFeatures,Fold,Accuracy,Precision,Recall,AUROC
0,DummyClassifier,4.5,115.0,1.5,0.673434887362613,0.0679260632012642,0.32117070631267114,0.5009922028061701
1,RandomForestClassifier,5.5,115.0,1.5,0.939484375660455,0.7791666666666667,0.0410634173390166,0.87346909108763
2,XGBClassifier,6.5,115.0,1.5,0.954769874106819,0.7651764606551841,0.3950285918415857,0.9104717816762636
