,Classifier,Unnamed: 0,NumFeatures,Fold,Accuracy,Precision,Recall,AUROC
0,DummyClassifier,4.5,115.0,1.5,0.624912389866813,0.12653072855569508,0.33916632688444104,0.5047952626013096
1,RandomForestClassifier,5.5,115.0,1.5,0.8777925146295407,0.7268650793650793,0.07167306069542483,0.8259290938394692
2,XGBClassifier,6.5,115.0,1.5,0.9056204419384423,0.745300212205842,0.4009750789248139,0.8864491027704873
