,Classifier,Unnamed: 0,NumFeatures,Fold,Accuracy,Precision,Recall,AUROC
0,DummyClassifier,4.5,115.0,1.5,0.7373997459920514,0.0087920563605593,0.2813433667781494,0.5126845452519373
1,RandomForestClassifier,5.5,115.0,1.5,0.9923963251419702,0.7416666666666667,0.09433110367892975,0.988651345249913
2,XGBClassifier,6.5,115.0,1.5,0.9915342070263081,0.4916666666666667,0.5004626532887403,0.990328253558338
