,Classifier,Unnamed: 0,NumFeatures,Fold,Accuracy,Precision,Recall,AUROC
0,DummyClassifier,4.5,115.0,1.5,0.7517444123657833,0.00126793361356145,0.2125,0.46065471380104467
1,RandomForestClassifier,5.5,115.0,1.5,0.9988241810848617,0.25,0.0625,0.9982754478249318
2,XGBClassifier,6.5,115.0,1.5,0.9986673675477322,0.4873015873015873,0.8041666666666667,0.999276590403558
