,Classifier,Unnamed: 0,NumFeatures,Fold,Accuracy,Precision,Recall,AUROC
0,DummyClassifier,4.5,115.0,1.5,0.7399861986393275,0.00368732129581345,0.20933753746253742,0.484554975923356
1,RandomForestClassifier,5.5,115.0,1.5,0.9952184773088525,0.75,0.0719436813186813,0.9911370100209498
2,XGBClassifier,6.5,115.0,1.5,0.9949048993847385,0.5,0.3872377622377622,0.9889693688158702
