,Classifier,Unnamed: 0,NumFeatures,Fold,Accuracy,Precision,Recall,AUROC
0,DummyClassifier,4.5,115.0,1.5,0.7300310579765279,0.018372995798089452,0.27198542198542197,0.48098835976198884
1,RandomForestClassifier,5.5,115.0,1.5,0.9836952012747581,0.8035714285714286,0.09028934028934024,0.9404099567080746
2,XGBClassifier,6.5,115.0,1.5,0.9849495129712147,0.7074541773231031,0.2541379916379916,0.9427948799603196
