,Classifier,Unnamed: 0,NumFeatures,Fold,Accuracy,Precision,Recall,AUROC
0,DummyClassifier,4.5,115.0,1.5,0.7272873985909636,0.019454987533263725,0.2602697686608409,0.5088585225232803
1,RandomForestClassifier,5.5,115.0,1.5,0.9806382342908764,0.6103896103896105,0.08146281157128495,0.9480679487195244
2,XGBClassifier,6.5,115.0,1.5,0.9820493595244625,0.6025283608581571,0.3028267355845729,0.9547903708206649
