,Classifier,Unnamed: 0,NumFeatures,Fold,Accuracy,Precision,Recall,AUROC
0,DummyClassifier,4.5,115.0,1.5,0.7412407069363635,0.0062151337947659,0.19084821428571427,0.5086137315838022
1,RandomForestClassifier,5.5,115.0,1.5,0.9926313119844764,0.8452380952380952,0.1729910714285714,0.9910215192105061
2,XGBClassifier,6.5,115.0,1.5,0.9919258845305816,0.5264842578710645,0.4993303571428571,0.9911774810898235
