Classifier,NumFeatures,Accuracy,Precision,Recall,AUROC
DummyClassifier,115.0,0.6995995386626975,0.045839213499876096,0.2870910764038385,0.49672107460704246
RandomForestClassifier,115.0,0.9595629119747586,0.729266082734296,0.13948291566087578,0.9270495512806374
XGBClassifier,115.0,0.9666122750099458,0.6511682757302785,0.45549156311820055,0.9443011427960876
