,Classifier,Unnamed: 0,NumFeatures,Fold,Accuracy,Precision,Recall,AUROC
0,DummyClassifier,4.5,115.0,1.5,0.6736701199558435,0.06231882443361353,0.2909424321913392,0.4939487955080669
1,RandomForestClassifier,5.5,115.0,1.5,0.950772419101319,0.9126133353284787,0.24693307632422642,0.8521297537070949
2,XGBClassifier,6.5,115.0,1.5,0.9562594921217233,0.8637004108239997,0.3681687359557547,0.8755422439583536
