,Classifier,Unnamed: 0,NumFeatures,Fold,Accuracy,Precision,Recall,AUROC
0,DummyClassifier,4.5,115.0,1.5,0.7086302247832724,0.035746414161531126,0.2924707565215919,0.5038479462357932
1,RandomForestClassifier,5.5,115.0,1.5,0.9660580404230452,0.7083333333333333,0.01370128222021215,0.8098742596262776
2,XGBClassifier,6.5,115.0,1.5,0.9710749923080023,0.776083509513742,0.21806798196551125,0.87048865156311
