,Classifier,Unnamed: 0,NumFeatures,Fold,Accuracy,Precision,Recall,AUROC
0,DummyClassifier,4.5,115.0,1.5,0.7408485133555688,0.00372396994005,0.2154304029304029,0.5297781804925519
1,RandomForestClassifier,5.5,115.0,1.5,0.9963157297174554,0.75,0.141025641025641,0.9901478241347029
2,XGBClassifier,6.5,115.0,1.5,0.9957669929253281,0.5042613636363636,0.3528502747252747,0.9898183547557736
