,Classifier,Unnamed: 0,NumFeatures,Fold,Accuracy,Precision,Recall,AUROC
0,DummyClassifier,4.5,115.0,1.5,0.6178573289255483,0.12813870057712032,0.3443553920114161,0.4982045707422309
1,RandomForestClassifier,5.5,115.0,1.5,0.8857096936864672,0.7570172945626666,0.15462224470927075,0.8575740043973805
2,XGBClassifier,6.5,115.0,1.5,0.9075800090632867,0.7338824647380217,0.4357268956582479,0.8927531165198945
