,Classifier,Unnamed: 0,NumFeatures,Fold,Accuracy,Precision,Recall,AUROC
0,DummyClassifier,4.5,115.0,1.5,0.6320453292125852,0.11019282696064525,0.3352432434891427,0.4907336628604644
1,RandomForestClassifier,5.5,115.0,1.5,0.9192603935353798,0.7844710080547239,0.3610660767640764,0.9047494440373771
2,XGBClassifier,6.5,115.0,1.5,0.931723960990513,0.7648884706798422,0.5430013926904409,0.9261311196136995
