,Classifier,Unnamed: 0,NumFeatures,Fold,Accuracy,Precision,Recall,AUROC
0,DummyClassifier,4.5,115.0,1.5,0.6261669718890661,0.11379565681198289,0.3267710953416303,0.497815975527951
1,RandomForestClassifier,5.5,115.0,1.5,0.8960575931567271,0.81955930677006,0.1596658736710467,0.8813591694889823
2,XGBClassifier,6.5,115.0,1.5,0.921690548722047,0.759530569081698,0.49881824606506286,0.9120420085451098
