,Classifier,Unnamed: 0,NumFeatures,Fold,Accuracy,Precision,Recall,AUROC
0,DummyClassifier,4.5,115.0,1.5,0.7425731427880518,0.0035114391615743,0.44861111111111107,0.4786158016848192
1,RandomForestClassifier,5.5,115.0,1.5,0.9985106523108923,0.75,0.23055555555555557,0.999366940963739
2,XGBClassifier,6.5,115.0,1.5,0.9988241810848617,0.6532738095238095,0.8111111111111111,0.9996544567702242
