,Classifier,Unnamed: 0,NumFeatures,Fold,Accuracy,Precision,Recall,AUROC
0,DummyClassifier,4.5,87.0,1.5,0.7471628397994193,0.0059364030840744,0.27055555555555555,0.4776215114744744
1,RandomForestClassifier,5.5,87.0,1.5,0.9937978358405912,0.125,0.0119047619047619,0.7908828890404254
2,XGBClassifier,6.5,87.0,1.5,0.9934019530219056,0.20833333333333331,0.0319047619047619,0.8096215809588818
